Date,Name,Year,Letterboxd URI,Rating
2023-12-03,Mad Max: Fury Road,2015,https://boxd.it/2DjO,3
2023-12-03,The Babadook,2014,https://boxd.it/77xu,4
2023-12-03,Upgrade,2018,https://boxd.it/i4gW,4
2023-12-03,The Gift,2015,https://boxd.it/aJMy,3
2023-12-03,Inglourious Basterds,2009,https://boxd.it/1JzG,4
2023-12-03,Dunkirk,2017,https://boxd.it/d0Y6,3
2023-12-03,Amélie,2001,https://boxd.it/2aUc,4
2023-12-03,Mulholland Drive,2001,https://boxd.it/297o,4
2023-12-03,Léon: The Professional,1994,https://boxd.it/2b8S,4
2023-12-03,City of God,2002,https://boxd.it/2a2a,4
2023-12-03,Melancholia,2011,https://boxd.it/bPI,3
2023-12-03,The House That Jack Built,2018,https://boxd.it/dWO4,3
2023-12-03,Lucy,2014,https://boxd.it/75hu,3
2023-12-03,"O Brother, Where Art Thou?",2000,https://boxd.it/2b3I,4
2023-12-03,You Were Never Really Here,2017,https://boxd.it/dWOS,4
2023-12-03,The Neon Demon,2016,https://boxd.it/9AnW,4
2023-12-03,Incendies,2010,https://boxd.it/Msm,4
2023-12-03,Wind River,2017,https://boxd.it/dR3i,3
2023-12-03,Let the Right One In,2008,https://boxd.it/1Qr0,5
2023-12-03,The Death of Stalin,2017,https://boxd.it/ea9Y,3
2023-12-03,Le Samouraï,1967,https://boxd.it/22ZI,4
2023-12-03,Lord of War,2005,https://boxd.it/284y,3
2023-12-03,Revenge,2017,https://boxd.it/gL9g,3
2023-12-03,Blade Runner,1982,https://boxd.it/2bcA,4
2023-12-03,The Departed,2006,https://boxd.it/28MA,4
2023-12-03,Hard Boiled,1992,https://boxd.it/1T6a,4
2023-12-03,Infernal Affairs,2002,https://boxd.it/1Vqw,4
2023-12-03,"Lust, Caution",2007,https://boxd.it/244k,3
2023-12-03,Our Time Will Come,2017,https://boxd.it/g8rA,3
2023-12-03,Suspiria,1977,https://boxd.it/1SNW,4
2023-12-03,"The Good, the Bad and the Ugly",1966,https://boxd.it/2ape,4
2023-12-03,Once Upon a Time in the West,1968,https://boxd.it/2az4,4
2023-12-03,A Fistful of Dollars,1964,https://boxd.it/2auo,3
2023-12-03,Spirited Away,2001,https://boxd.it/2b4m,4
2023-12-03,My Neighbor Totoro,1988,https://boxd.it/20eA,4
2023-12-03,Princess Mononoke,1997,https://boxd.it/2b4w,4
2023-12-03,Shoplifters,2018,https://boxd.it/ifY6,4
2023-12-03,The Host,2006,https://boxd.it/28ZY,4
2023-12-03,Pan's Labyrinth,2006,https://boxd.it/28No,5
2023-12-03,Sicario,2015,https://boxd.it/8i7u,4
2023-12-03,Amores Perros,2000,https://boxd.it/2bfu,4
2023-12-03,Birds of Passage,2018,https://boxd.it/fyVu,4
2023-12-03,Sin Nombre,2009,https://boxd.it/1ChU,4
2023-12-03,Parasite,2019,https://boxd.it/hTha,4
2023-12-03,Oldboy,2003,https://boxd.it/29R2,5
2023-12-03,The Handmaiden,2016,https://boxd.it/948A,5
2023-12-03,Train to Busan,2016,https://boxd.it/dSQU,4
2023-12-03,Snowpiercer,2013,https://boxd.it/3Icg,4
2023-12-03,Memories of Murder,2003,https://boxd.it/1TSo,5
2023-12-03,Okja,2017,https://boxd.it/dvXe,3
2023-12-03,Burning,2018,https://boxd.it/hHUa,4
2023-12-03,Mother,2009,https://boxd.it/1m9g,4
2023-12-03,A Tale of Two Sisters,2003,https://boxd.it/248m,3
2023-12-03,The Call,2020,https://boxd.it/l94W,3
2023-12-03,A Taxi Driver,2017,https://boxd.it/fwac,4
2023-12-03,The Man from Nowhere,2010,https://boxd.it/AZy,4
2023-12-03,Silenced,2011,https://boxd.it/2QGG,4
2023-12-03,The Assassin,2015,https://boxd.it/7rdE,3
2023-12-03,Ash Is Purest White,2018,https://boxd.it/fH5C,4
2023-12-03,A Touch of Sin,2013,https://boxd.it/5Fvo,4
2023-12-03,Mountains May Depart,2015,https://boxd.it/a86U,3
2023-12-03,The Lives of Others,2006,https://boxd.it/2a4A,4
2023-12-03,The Raid,2011,https://boxd.it/3hBy,4
2023-12-03,The Raid 2,2014,https://boxd.it/5uz0,3
2023-12-03,The Skin I Live In,2011,https://boxd.it/99A,3
2023-12-03,Volver,2006,https://boxd.it/2aQO,4
2023-12-03,Kill Bill: Vol. 1,2003,https://boxd.it/70w,4
2023-12-03,The Matrix,1999,https://boxd.it/2a1m,4
2023-12-03,Top Gun: Maverick,2022,https://boxd.it/cjr4,4
2023-12-03,Kill Bill: Vol. 2,2004,https://boxd.it/2au4,3
2023-12-03,Gladiator,2000,https://boxd.it/2b9m,4
2023-12-03,Heat,1995,https://boxd.it/2bg8,5
2023-12-03,Children of Men,2006,https://boxd.it/1Y2i,4
2023-12-03,American Psycho,2000,https://boxd.it/28Vs,3
2023-12-03,Once Upon a Time... in Hollywood,2019,https://boxd.it/gH0O,3
2023-12-03,Se7en,1995,https://boxd.it/29zs,4
2023-12-03,Black Swan,2010,https://boxd.it/Sw0,4
2023-12-03,Requiem for a Dream,2000,https://boxd.it/29VI,4
2023-12-03,mother!,2017,https://boxd.it/dgRU,5
2023-12-03,The Silence of the Lambs,1991,https://boxd.it/2aHW,4
2023-12-03,Drive,2011,https://boxd.it/IG,4
2023-12-03,Uncut Gems,2019,https://boxd.it/gXGc,4
2023-12-03,No Country for Old Men,2007,https://boxd.it/21ew,5
2023-12-03,Memento,2000,https://boxd.it/2bcK,4
2023-12-03,Die Hard,1988,https://boxd.it/2a7u,3
2023-12-03,The Sixth Sense,1999,https://boxd.it/29Js,3
2023-12-03,The Killing of a Sacred Deer,2017,https://boxd.it/dZ5G,3
2023-12-03,The Killer,2023,https://boxd.it/u6WE,3
2023-12-03,Blue Velvet,1986,https://boxd.it/29BI,3
2023-12-03,Nightmare Alley,2021,https://boxd.it/m0HC,3
2023-12-03,Chinatown,1974,https://boxd.it/29vU,5
2023-12-03,Oppenheimer,2023,https://boxd.it/wUow,3
2023-12-03,Shutter Island,2010,https://boxd.it/1U82,4
2023-12-03,The Shawshank Redemption,1994,https://boxd.it/2aHi,3
2023-12-03,Dead Poets Society,1989,https://boxd.it/2aSg,4
2023-12-03,Dr. Strangelove or: How I Learned to Stop Worrying and Love the Bomb,1964,https://boxd.it/29eY,4
2023-12-03,Fight Club,1999,https://boxd.it/2a9q,4
2023-12-03,Taxi Driver,1976,https://boxd.it/2b8y,4
2023-12-03,Call Me by Your Name,2017,https://boxd.it/dYmm,4
2023-12-03,Ex Machina,2015,https://boxd.it/7T2k,4
2023-12-03,American Beauty,1999,https://boxd.it/71Y,4
2023-12-03,There Will Be Blood,2007,https://boxd.it/20Z2,3
2023-12-03,The Grand Budapest Hotel,2014,https://boxd.it/3ZqO,4
2023-12-03,"The French Dispatch of the Liberty, Kansas Evening Sun",2021,https://boxd.it/jLP8,3
2023-12-03,Moonrise Kingdom,2012,https://boxd.it/2Wng,5
2023-12-03,Isle of Dogs,2018,https://boxd.it/dZrW,3
2023-12-03,The Royal Tenenbaums,2001,https://boxd.it/1YHU,4
2023-12-03,Lady Vengeance,2005,https://boxd.it/248G,4
2023-12-03,Stoker,2013,https://boxd.it/34S2,3
2023-12-03,Sympathy for Mr. Vengeance,2002,https://boxd.it/23WU,3
2023-12-03,Joint Security Area,2000,https://boxd.it/26Ja,3
2023-12-03,I Saw the Devil,2010,https://boxd.it/FaK,4
2023-12-03,Mr. Sunshine,2018,https://boxd.it/uPqS,4
2023-12-03,The Age of Shadows,2016,https://boxd.it/cruq,3
2023-12-03,The Attorney,2013,https://boxd.it/77Pe,3
2023-12-30,Mean Girls,2004,https://boxd.it/1VNg,4
2024-01-03,Saltburn,2023,https://boxd.it/z4eg,3.5
2024-01-08,Headhunters,2011,https://boxd.it/2sWA,3.5
2024-01-16,Lost in Translation,2003,https://boxd.it/2b0E,4
2024-01-22,The Virgin Suicides,1999,https://boxd.it/28JG,4
2024-01-28,The Beguiled,2017,https://boxd.it/dZ1k,3
2024-01-29,The Bling Ring,2013,https://boxd.it/3lPY,2.5
2024-02-13,Dogtooth,2009,https://boxd.it/158K,4
2024-04-26,Civil War,2024,https://boxd.it/z1jW,3.5
2024-04-26,Dune: Part Two,2024,https://boxd.it/pUfA,4
2025-01-06,Hereditary,2018,https://boxd.it/hNVe,3
2025-01-06,Talk to Me,2022,https://boxd.it/C6uQ,3
2025-01-06,Satan's Slaves,2017,https://boxd.it/gJ1E,3.5
2025-01-06,Exhuma,2024,https://boxd.it/vCu0,3.5
2025-01-06,The Order,2024,https://boxd.it/EVrs,4
2025-01-06,Heretic,2024,https://boxd.it/H1lY,3
2025-01-06,Late Night with the Devil,2023,https://boxd.it/zo6G,4
2025-01-06,Longlegs,2024,https://boxd.it/KzLM,4
2025-01-06,Challengers,2024,https://boxd.it/zld0,2.5
2025-01-06,Rebel Ridge,2024,https://boxd.it/nZum,3.5
2025-01-06,Land of Bad,2024,https://boxd.it/ACqW,2.5
2025-01-06,The Last Stop in Yuma County,2023,https://boxd.it/DCVQ,4
2025-01-12,Strange Darling,2023,https://boxd.it/CVIk,3
2025-01-12,28 Days Later,2002,https://boxd.it/2aXU,3.5
2025-01-13,28 Weeks Later,2007,https://boxd.it/28Bi,3
2025-01-13,Furiosa: A Mad Max Saga,2024,https://boxd.it/tABk,3.5
2025-01-19,The Wonderful Story of Henry Sugar,2023,https://boxd.it/yNyo,3.5
2025-01-20,V/H/S/2,2013,https://boxd.it/4Ysw,2.5
2025-01-20,Gladiator II,2024,https://boxd.it/kqQQ,3.5
2025-01-28,The Count of Monte Cristo,2024,https://boxd.it/F1Nk,4.5
2025-02-02,Nosferatu,2024,https://boxd.it/f5eG,3.5
2025-02-03,Conclave,2024,https://boxd.it/AO8q,4
2025-02-28,Anora,2024,https://boxd.it/Egcw,3
2025-03-06,Companion,2025,https://boxd.it/F04o,4
2025-05-25,Sinners,2025,https://boxd.it/KQMM,4.5
2025-05-25,The Shining,1980,https://boxd.it/29Nu,4.5
2025-05-29,Rosemary's Baby,1968,https://boxd.it/29zM,3.5
2025-05-29,The Taking of Pelham One Two Three,1974,https://boxd.it/20lG,3.5
2025-05-31,The Phoenician Scheme,2025,https://boxd.it/H0Ca,2.5
2025-06-02,Across 110th Street,1972,https://boxd.it/1yHO,3
2025-06-02,Little Murders,1971,https://boxd.it/1rL0,3
2025-06-08,Coogan's Bluff,1968,https://boxd.it/1uqu,3
2025-06-13,Wild Things,1998,https://boxd.it/29Zq,2.5
2025-06-20,The Graduate,1967,https://boxd.it/18Im,3.5
2025-06-20,Deep End,1970,https://boxd.it/i8m,3
2025-06-20,Night Moves,1975,https://boxd.it/1hRM,3.5
2025-06-20,The Mummy,1999,https://boxd.it/2a7a,3.5
2025-06-22,Sexy Beast,2000,https://boxd.it/1SZS,4
2025-06-22,Exiled,2006,https://boxd.it/1Pn2,4
2025-06-23,28 Years Later,2025,https://boxd.it/FEGM,4
2025-06-30,Ripley's Game,2002,https://boxd.it/1UZg,3.5
2025-07-06,Miami Vice,2006,https://boxd.it/2bbW,3.5
2025-07-06,Out of Sight,1998,https://boxd.it/28R6,3.5
2025-07-13,China Moon,1994,https://boxd.it/1u4I,2.5
2025-07-13,The Devil Wears Prada,2006,https://boxd.it/2awE,3.5
2025-07-18,Master and Commander: The Far Side of the World,2003,https://boxd.it/200S,4
2025-07-18,Manchester by the Sea,2016,https://boxd.it/b2L0,4.5
2025-07-27,Eddington,2025,https://boxd.it/o6MC,4
2025-07-28,Nope,2022,https://boxd.it/sDCe,3
2025-08-04,Deep Cover,1992,https://boxd.it/1D5g,4
2025-08-06,Ghost Dog: The Way of the Samurai,1999,https://boxd.it/23Ne,4
2025-08-10,The Swimmer,1968,https://boxd.it/1ffG,4.5
2025-08-11,Weapons,2025,https://boxd.it/EMTM,4.5
2025-08-18,Highest 2 Lowest,2025,https://boxd.it/LcIC,1
2025-09-02,The Guest,2014,https://boxd.it/76RS,4
2025-09-02,She Rides Shotgun,2025,https://boxd.it/JoCs,3.5
2025-09-29,All the President's Men,1976,https://boxd.it/29lU,4
2025-10-02,Relay,2024,https://boxd.it/Faee,3.5
2025-10-03,Caught Stealing,2025,https://boxd.it/LnyS,3
2025-10-03,A Few Good Men,1992,https://boxd.it/29nw,4
2025-10-03,Magnolia,1999,https://boxd.it/2aze,4.5
2025-10-05,Panic Room,2002,https://boxd.it/2490,3.5
2025-10-06,Pulp Fiction,1994,https://boxd.it/29Pq,4
2025-10-06,One Battle After Another,2025,https://boxd.it/DUHM,4
2025-10-09,What Lies Beneath,2000,https://boxd.it/26v8,3
2025-10-12,Man on Fire,2004,https://boxd.it/1Yvk,3.5
2025-10-21,Snatch,2000,https://boxd.it/2b7U,4
2025-10-21,"Lock, Stock and Two Smoking Barrels",1998,https://boxd.it/2b92,4
2025-10-21,[REC],2007,https://boxd.it/20ma,3.5
2025-10-30,A History of Violence,2005,https://boxd.it/2bfa,3.5
2025-11-01,The Untouchables,1987,https://boxd.it/2b6i,4
2025-11-07,Thelma & Louise,1991,https://boxd.it/28Ew,4
2025-11-10,"Paris, Texas",1984,https://boxd.it/29Ts,3.5
2025-11-11,In the Mood for Love,2000,https://boxd.it/29tE,4.5
2025-11-12,Mean Streets,1973,https://boxd.it/2aSU,3.5
2025-11-12,Badlands,1973,https://boxd.it/25Fm,3.5
2025-11-13,Blow Out,1981,https://boxd.it/1TlE,4
2025-11-23,Three Colours: Blue,1993,https://boxd.it/2b7K,3.5
2025-11-23,Three Colours: Red,1994,https://boxd.it/2b7q,4
2025-11-25,Bugonia,2025,https://boxd.it/qeWY,4
2025-11-28,Once Upon a Time in America,1984,https://boxd.it/2aCs,4.5
2025-11-29,Chungking Express,1994,https://boxd.it/1UDa,5
2025-11-29,Fallen Angels,1995,https://boxd.it/1UkW,4
2025-11-30,GoodFellas,1990,https://boxd.it/29FA,4
2025-12-01,Days of Being Wild,1990,https://boxd.it/1HbC,3.5
2025-12-05,Son of Saul,2015,https://boxd.it/b6r4,4
2026-06-13,No Other Choice,2025,https://boxd.it/nKiA,4
2026-06-13,Decision to Leave,2022,https://boxd.it/qp9e,4.5
2026-06-13,Casablanca,1942,https://boxd.it/2aG0,5
2026-06-13,The Great Beauty,2013,https://boxd.it/5ty6,5
2026-06-13,As Tears Go By,1988,https://boxd.it/1ybI,3
2026-06-13,A Tale of Springtime,1990,https://boxd.it/1pZ0,3
2026-07-20,Repo Man,1984,https://boxd.it/1Plg,3
2026-07-20,Long Day's Journey Into Night,2018,https://boxd.it/hw1I,3.5
2026-07-20,Frankenstein,2025,https://boxd.it/Ecsg,2.5
2026-07-20,Cloud,2024,https://boxd.it/LhR0,3.5
2026-07-20,Flow,2024,https://boxd.it/v1Ei,4
2026-07-20,If I Had Legs I'd Kick You,2025,https://boxd.it/HUtS,4
2026-07-20,The Odyssey,2026,https://boxd.it/QFQU,4
2026-08-02,Manhunter,1986,https://boxd.it/1TOw,4.5
2026-08-02,The Drama,2026,https://boxd.it/OA2w,2.5
